<application>
  <component name="ProjectManager">
    <defaultProject>
      <component name="Encoding" addBOMForNewFiles="with NO BOM" />
      <component name="GradleLocalSettings">
        <option name="projectSyncType">
          <map>
            <entry key="$USER_HOME$/Documents/algs4" value="PREVIEW" />
            <entry key="$USER_HOME$/IntelliJIDEAProjects/Sort" value="PREVIEW" />
            <entry key="$USER_HOME$/IntelliJIDEAProjects/leetcode" value="PREVIEW" />
            <entry key="$USER_HOME$/leetcode" value="PREVIEW" />
          </map>
        </option>
      </component>
      <component name="ProjectRootManager" version="2" languageLevel="JDK_11" project-jdk-name="11" project-jdk-type="JavaSDK" />
      <component name="PropertiesComponent">
        <property name="android.sdk.path" value="$USER_HOME$/Library/Android/sdk" />
        <property name="project.structure.last.edited" value="SDKs" />
        <property name="project.structure.proportion" value="0.15" />
        <property name="project.structure.side.proportion" value="0.2" />
        <property name="settings.editor.selected.configurable" value="configurable.group.appearance" />
      </component>
      <component name="masterDetails">
        <states>
          <state key="GlobalLibrariesConfigurable.UI">
            <settings>
              <splitter-proportions>
                <option name="proportions">
                  <list>
                    <option value="0.2" />
                  </list>
                </option>
              </splitter-proportions>
            </settings>
          </state>
          <state key="JdkListConfigurable.UI">
            <settings>
              <last-edited>11</last-edited>
              <splitter-proportions>
                <option name="proportions">
                  <list>
                    <option value="0.2" />
                  </list>
                </option>
              </splitter-proportions>
            </settings>
          </state>
          <state key="ProjectJDKs.UI">
            <settings>
              <last-edited>11</last-edited>
              <splitter-proportions>
                <option name="proportions">
                  <list>
                    <option value="0.2" />
                  </list>
                </option>
              </splitter-proportions>
            </settings>
          </state>
          <state key="ProjectLibrariesConfigurable.UI">
            <settings>
              <splitter-proportions>
                <option name="proportions">
                  <list>
                    <option value="0.2" />
                  </list>
                </option>
              </splitter-proportions>
            </settings>
          </state>
        </states>
      </component>
    </defaultProject>
  </component>
</application>